[
    {
        "_id": "5ba52005333f260010fefa4a",
        "id": "FSID1",
        "type": "fire",
        "address": "S2 tower,wipro,electronic City,Bangalore",
        "lat": 12.839024,
        "lng": 77.656472,
        "value": 945,
        "__v": 0
    },
    {
        "_id": "5ba52007333f260010fefa4b",
        "id": "FSID2",
        "type": "fire",
        "address": "S1 tower,wipro,electronic City,Bangalore",
        "lat": 12.84132,
        "lng": 77.649813,
        "value": 1011,
        "__v": 0
    },
    {
        "_id": "5ba52008333f260010fefa4c",
        "id": "FSID3",
        "type": "fire",
        "address": "S3 tower,wipro,electronic City,Bangalore",
        "lat": 12.828097,
        "lng": 77.649469,
        "value": 998,
        "__v": 0
    },
    {
        "_id": "5ba5200a333f260010fefa4d",
        "id": "FSID4",
        "type": "fire",
        "address": "S4 tower,wipro,electronic City,Bangalore",
        "lat": 12.831109,
        "lng": 77.678052,
        "value": 932,
        "__v": 0
    },
    {
        "_id": "5ba5200c333f260010fefa4e",
        "id": "FSID5",
        "type": "fire",
        "address": "S5 tower,wipro,electronic City,Bangalore",
        "lat": 12.832609,
        "lng": 77.672926,
        "value": 949,
        "__v": 0
    },
    {
        "_id": "5ba5200e333f260010fefa4f",
        "id": "FSID6",
        "type": "fire",
        "address": "S6 tower,wipro,electronic City,Bangalore",
        "lat": 12.875288,
        "lng": 77.67279,
        "value": 937,
        "__v": 0
    },
    {
        "_id": "5ba52010333f260010fefa50",
        "id": "FSID7",
        "type": "fire",
        "address": "S7 tower,wipro,electronic City,Bangalore",
        "lat": 12.876589,
        "lng": 77.685415,
        "value": 974,
        "__v": 0
    },
    {
        "_id": "5ba52011333f260010fefa51",
        "id": "FSID1",
        "type": "fire",
        "address": "S2 tower,wipro,electronic City,Bangalore",
        "lat": 12.839024,
        "lng": 77.656472,
        "value": 945,
        "__v": 0
    },
    {
        "_id": "5ba52013333f260010fefa52",
        "id": "FSID2",
        "type": "fire",
        "address": "S1 tower,wipro,electronic City,Bangalore",
        "lat": 12.84132,
        "lng": 77.649813,
        "value": 1011,
        "__v": 0
    },
    {
        "_id": "5ba52015333f260010fefa53",
        "id": "FSID3",
        "type": "fire",
        "address": "S3 tower,wipro,electronic City,Bangalore",
        "lat": 12.828097,
        "lng": 77.649469,
        "value": 998,
        "__v": 0
    },
    {
        "_id": "5ba52016333f260010fefa54",
        "id": "FSID4",
        "type": "fire",
        "address": "S4 tower,wipro,electronic City,Bangalore",
        "lat": 12.831109,
        "lng": 77.678052,
        "value": 932,
        "__v": 0
    },
    {
        "_id": "5ba52018333f260010fefa55",
        "id": "FSID5",
        "type": "fire",
        "address": "S5 tower,wipro,electronic City,Bangalore",
        "lat": 12.832609,
        "lng": 77.672926,
        "value": 949,
        "__v": 0
    },
    {
        "_id": "5ba52019333f260010fefa56",
        "id": "FSID6",
        "type": "fire",
        "address": "S6 tower,wipro,electronic City,Bangalore",
        "lat": 12.875288,
        "lng": 77.67279,
        "value": 937,
        "__v": 0
    },
    {
        "_id": "5ba5201e333f260010fefa57",
        "id": "FSID7",
        "type": "fire",
        "address": "S7 tower,wipro,electronic City,Bangalore",
        "lat": 12.876589,
        "lng": 77.685415,
        "value": 974,
        "__v": 0
    },
    {
        "_id": "5ba52020333f260010fefa58",
        "id": "FSID1",
        "type": "fire",
        "address": "S2 tower,wipro,electronic City,Bangalore",
        "lat": 12.839024,
        "lng": 77.656472,
        "value": 945,
        "__v": 0
    },
    {
        "_id": "5ba52022333f260010fefa59",
        "id": "FSID2",
        "type": "fire",
        "address": "S1 tower,wipro,electronic City,Bangalore",
        "lat": 12.84132,
        "lng": 77.649813,
        "value": 1011,
        "__v": 0
    },
    {
        "_id": "5ba52023333f260010fefa5a",
        "id": "FSID3",
        "type": "fire",
        "address": "S3 tower,wipro,electronic City,Bangalore",
        "lat": 12.828097,
        "lng": 77.649469,
        "value": 998,
        "__v": 0
    },
    {
        "_id": "5ba52025333f260010fefa5b",
        "id": "FSID4",
        "type": "fire",
        "address": "S4 tower,wipro,electronic City,Bangalore",
        "lat": 12.831109,
        "lng": 77.678052,
        "value": 932,
        "__v": 0
    },
    {
        "_id": "5ba52027333f260010fefa5c",
        "id": "FSID5",
        "type": "fire",
        "address": "S5 tower,wipro,electronic City,Bangalore",
        "lat": 12.832609,
        "lng": 77.672926,
        "value": 949,
        "__v": 0
    },
    {
        "_id": "5ba52029333f260010fefa5d",
        "id": "FSID6",
        "type": "fire",
        "address": "S6 tower,wipro,electronic City,Bangalore",
        "lat": 12.875288,
        "lng": 77.67279,
        "value": 937,
        "__v": 0
    },
    {
        "_id": "5ba5202a333f260010fefa5e",
        "id": "FSID7",
        "type": "fire",
        "address": "S7 tower,wipro,electronic City,Bangalore",
        "lat": 12.876589,
        "lng": 77.685415,
        "value": 974,
        "__v": 0
    },
    {
        "_id": "5ba5202c333f260010fefa5f",
        "id": "FSID1",
        "type": "fire",
        "address": "S2 tower,wipro,electronic City,Bangalore",
        "lat": 12.839024,
        "lng": 77.656472,
        "value": 945,
        "__v": 0
    },
    {
        "_id": "5ba5202e333f260010fefa60",
        "id": "FSID2",
        "type": "fire",
        "address": "S1 tower,wipro,electronic City,Bangalore",
        "lat": 12.84132,
        "lng": 77.649813,
        "value": 1011,
        "__v": 0
    },
    {
        "_id": "5ba5202f333f260010fefa61",
        "id": "FSID3",
        "type": "fire",
        "address": "S3 tower,wipro,electronic City,Bangalore",
        "lat": 12.828097,
        "lng": 77.649469,
        "value": 998,
        "__v": 0
    },
    {
        "_id": "5ba52031333f260010fefa62",
        "id": "FSID4",
        "type": "fire",
        "address": "S4 tower,wipro,electronic City,Bangalore",
        "lat": 12.831109,
        "lng": 77.678052,
        "value": 932,
        "__v": 0
    },
    {
        "_id": "5ba52032333f260010fefa63",
        "id": "FSID5",
        "type": "fire",
        "address": "S5 tower,wipro,electronic City,Bangalore",
        "lat": 12.832609,
        "lng": 77.672926,
        "value": 949,
        "__v": 0
    },
    {
        "_id": "5ba52034333f260010fefa64",
        "id": "FSID6",
        "type": "fire",
        "address": "S6 tower,wipro,electronic City,Bangalore",
        "lat": 12.875288,
        "lng": 77.67279,
        "value": 937,
        "__v": 0
    },
    {
        "_id": "5ba52036333f260010fefa65",
        "id": "FSID7",
        "type": "fire",
        "address": "S7 tower,wipro,electronic City,Bangalore",
        "lat": 12.876589,
        "lng": 77.685415,
        "value": 974,
        "__v": 0
    },
    {
        "_id": "5ba52037333f260010fefa66",
        "id": "FSID1",
        "type": "fire",
        "address": "S2 tower,wipro,electronic City,Bangalore",
        "lat": 12.839024,
        "lng": 77.656472,
        "value": 945,
        "__v": 0
    },
    {
        "_id": "5ba52039333f260010fefa67",
        "id": "FSID2",
        "type": "fire",
        "address": "S1 tower,wipro,electronic City,Bangalore",
        "lat": 12.84132,
        "lng": 77.649813,
        "value": 1011,
        "__v": 0
    },
    {
        "_id": "5ba5203a333f260010fefa68",
        "id": "FSID3",
        "type": "fire",
        "address": "S3 tower,wipro,electronic City,Bangalore",
        "lat": 12.828097,
        "lng": 77.649469,
        "value": 998,
        "__v": 0
    },
    {
        "_id": "5ba5203c333f260010fefa69",
        "id": "FSID4",
        "type": "fire",
        "address": "S4 tower,wipro,electronic City,Bangalore",
        "lat": 12.831109,
        "lng": 77.678052,
        "value": 932,
        "__v": 0
    },
    {
        "_id": "5ba5203e333f260010fefa6a",
        "id": "FSID5",
        "type": "fire",
        "address": "S5 tower,wipro,electronic City,Bangalore",
        "lat": 12.832609,
        "lng": 77.672926,
        "value": 949,
        "__v": 0
    },
    {
        "_id": "5ba5203f333f260010fefa6b",
        "id": "FSID6",
        "type": "fire",
        "address": "S6 tower,wipro,electronic City,Bangalore",
        "lat": 12.875288,
        "lng": 77.67279,
        "value": 937,
        "__v": 0
    },
    {
        "_id": "5ba52042333f260010fefa6c",
        "id": "FSID7",
        "type": "fire",
        "address": "S7 tower,wipro,electronic City,Bangalore",
        "lat": 12.876589,
        "lng": 77.685415,
        "value": 974,
        "__v": 0
    },
    {
        "_id": "5ba52043333f260010fefa6d",
        "id": "FSID1",
        "type": "fire",
        "address": "S2 tower,wipro,electronic City,Bangalore",
        "lat": 12.839024,
        "lng": 77.656472,
        "value": 945,
        "__v": 0
    },
    {
        "_id": "5ba52045333f260010fefa6e",
        "id": "FSID2",
        "type": "fire",
        "address": "S1 tower,wipro,electronic City,Bangalore",
        "lat": 12.84132,
        "lng": 77.649813,
        "value": 1011,
        "__v": 0
    },
    {
        "_id": "5ba52047333f260010fefa6f",
        "id": "FSID3",
        "type": "fire",
        "address": "S3 tower,wipro,electronic City,Bangalore",
        "lat": 12.828097,
        "lng": 77.649469,
        "value": 998,
        "__v": 0
    },
    {
        "_id": "5ba52048333f260010fefa70",
        "id": "FSID4",
        "type": "fire",
        "address": "S4 tower,wipro,electronic City,Bangalore",
        "lat": 12.831109,
        "lng": 77.678052,
        "value": 932,
        "__v": 0
    },
    {
        "_id": "5ba5204a333f260010fefa71",
        "id": "FSID5",
        "type": "fire",
        "address": "S5 tower,wipro,electronic City,Bangalore",
        "lat": 12.832609,
        "lng": 77.672926,
        "value": 949,
        "__v": 0
    },
    {
        "_id": "5ba5204c333f260010fefa72",
        "id": "FSID6",
        "type": "fire",
        "address": "S6 tower,wipro,electronic City,Bangalore",
        "lat": 12.875288,
        "lng": 77.67279,
        "value": 937,
        "__v": 0
    },
    {
        "_id": "5ba5204d333f260010fefa73",
        "id": "FSID7",
        "type": "fire",
        "address": "S7 tower,wipro,electronic City,Bangalore",
        "lat": 12.876589,
        "lng": 77.685415,
        "value": 974,
        "__v": 0
    },
    {
        "_id": "5ba5204f333f260010fefa74",
        "id": "FSID1",
        "type": "fire",
        "address": "S2 tower,wipro,electronic City,Bangalore",
        "lat": 12.839024,
        "lng": 77.656472,
        "value": 945,
        "__v": 0
    },
    {
        "_id": "5ba52050333f260010fefa75",
        "id": "FSID2",
        "type": "fire",
        "address": "S1 tower,wipro,electronic City,Bangalore",
        "lat": 12.84132,
        "lng": 77.649813,
        "value": 1011,
        "__v": 0
    },
    {
        "_id": "5ba52052333f260010fefa76",
        "id": "FSID3",
        "type": "fire",
        "address": "S3 tower,wipro,electronic City,Bangalore",
        "lat": 12.828097,
        "lng": 77.649469,
        "value": 998,
        "__v": 0
    },
    {
        "_id": "5ba52054333f260010fefa77",
        "id": "FSID4",
        "type": "fire",
        "address": "S4 tower,wipro,electronic City,Bangalore",
        "lat": 12.831109,
        "lng": 77.678052,
        "value": 932,
        "__v": 0
    },
    {
        "_id": "5ba52055333f260010fefa78",
        "id": "FSID5",
        "type": "fire",
        "address": "S5 tower,wipro,electronic City,Bangalore",
        "lat": 12.832609,
        "lng": 77.672926,
        "value": 949,
        "__v": 0
    },
    {
        "_id": "5ba52057333f260010fefa79",
        "id": "FSID6",
        "type": "fire",
        "address": "S6 tower,wipro,electronic City,Bangalore",
        "lat": 12.875288,
        "lng": 77.67279,
        "value": 937,
        "__v": 0
    },
    {
        "_id": "5ba52058333f260010fefa7a",
        "id": "FSID7",
        "type": "fire",
        "address": "S7 tower,wipro,electronic City,Bangalore",
        "lat": 12.876589,
        "lng": 77.685415,
        "value": 974,
        "__v": 0
    },
    {
        "_id": "5ba5205a333f260010fefa7b",
        "id": "FSID1",
        "type": "fire",
        "address": "S2 tower,wipro,electronic City,Bangalore",
        "lat": 12.839024,
        "lng": 77.656472,
        "value": 945,
        "__v": 0
    }
]